<?xml version="1.0" encoding="utf-8"?>
<appengine-web-app xmlns="http://appengine.google.com/ns/1.0">
    <application>ytnotes</application>
    <version>${appengine.app.version}</version>
    <threadsafe>true</threadsafe>
    
    <system-properties>
        <property name="java.util.logging.config.file" value="WEB-INF/logging.properties"/>
    </system-properties>
	<inbound-services>
	  <service>xmpp_message</service>
      <service>xmpp_presence</service>
	</inbound-services>
</appengine-web-app>
